seq,seq,expvalue,off_register,on_register,zipping,failed,fail%,computed
GTTCGGTCTA,GTTCGGTCTA,1.145950e+06,0.0,7.0,14.0,39.0,1.3,2169386.5044873077
CCAAAACCAA,CCAAAACCAA,1.668154e+06,2.0,7.0,14.0,2.0,0.06666666666666667,5162517.195699857
AAACCACACA,AAACCACACA,1.809459e+06,2.0,7.0,14.0,0.0,0.0,20981104.68718606
