,seq,expvalue,computed
1,GTTCGGTCTA        ,1.145950e+06,2153905.393744616
2,CCAAAACCAA        ,1.668154e+06,4972452.711989824
3,AAACCACACA        ,1.809459e+06,20546341.965512607
4,ACCAAACCAC        ,2.167675e+06,8586463.420664335
5,ACACCAAACC        ,2.178513e+06,19667138.685643047
